name,address,pin,phone1,phone2,bk_contact,email,connection,area,city
Alandi Devachi,"B3, Flat No 203, Sai Nagari Soc., Pune- Alandi Rd., Alandi Devachi",412105,7798037744,,,,,Alandi Devachi,Alandi Devachi
Alandi Devachi,"Charoli, Nr. Sawta Mandir, Alandi Devachi",412105,9665240710,,,,,Alandi Devachi,Alandi Devachi
Alandi Devachi,"Dehu Phata, beside gajanan maharaj math, Ta. khed, Alandi Devachi",412105,8308313745,,,,,Alandi Devachi,Alandi Devachi
Amarale Vasti,"Nr. Water tank, Amarale Vasti, Tal: Mulshi",411057,6160063028,,,,,Amarale Vasti,Amarale Vasti
Andgaon,"Marane Nivas, Nr. Bhairavnath template, Andgaon, Tal: Mulshi",411057,8888868376,,,,,Andgaon,Andgaon
Aundh,"Top floor, Belvedere Society, Near Baner Phata, Aundh",411007,9049546633,,,,,Aundh,Aundh
Aundh,"C/O Nawlebhai, Tejashwini Housing Soc., Nr. Medipoint  Hospital, Aundh",411007,9970071262,,BK Navale,,,Aundh,Aundh
Aundh Camp,"C/O Baburao Uttekar, Gajaraj Niwas, Vishalnagar, Wakad Rd., Jagtap Dairy, Aundh Camp",411027,8888679452,,,,,Aundh Camp,Aundh Camp
Balewadi,"Braboria Residency, Balewadi",411045,020-20270620,9881664544,,,,Balewadi,Balewadi
Balewadi,"Moti Deep Housing Soc., Balewadi",411045,020-20270620,9850550280,,,,Balewadi,Balewadi
Balewadi,"Pearl Residency, Balewadi",411045,020-20270620,9881664544,,,,Balewadi,Balewadi
Balewadi,"Sunshine Park, Balewadi",411045,020-20270620,9850550280,,,,Balewadi,Balewadi
Balewadi,"Uttamnagar, Balewadi",411045,020-20270620,9881664544,,,,Balewadi,Balewadi
Baner Road,"Ground floor, Runwal Sarovar, Behind Ranka Jewellers, Baner road",411045,7040283670,,,,,Baner Road,Baner Road
Baramati,"At-Post.Malegaon, Budruk, Ta.Baramati",413102,7875587616,,,,MS- Bhosari,Baramati,Baramati
Baramati,"At-Post.Naroli, Ta.Baramati",413102,9637742230,,,,MS- Bhosari,Baramati,Baramati
Baramati,"MIDC, Nr. Bank Of Maharashtra, Baramati",413102,9623764933,,,,,Baramati,Baramati
Baramati,"Nira Rd., Konhale Budruk, At-Post.Korhale, Ta.Baramati",413102,9623143585,,,,MS- Bhosari,Baramati,Baramati
Baramati,"Plot No 3/4, Survey 209, Khandoba Nagar, Juna Morgaon Rasta, Baramati",413102,9665332295,,,,,Baramati,Baramati
Baramati,"Siddeshwar Mandir, Nira Rd., Konhale Budruk, Baramati",413102,9623143585,,,,,Baramati,Baramati
Baramati,"Suryanagari, Vigwann Rd., Baramati",413102,7507921759,,,,,Baramati,Baramati
Baramati,"Tandulwadi Base, Baramati",413102,9422535061,,,,,Baramati,Baramati
Baramati,"Vidyanagar, Malad Rd., Dattawadi, Baramati",413102,9881328313,,,,,Baramati,Baramati
Baramati,"Vishwasnagar, Gunwadi Rd., Baramati",413102,8149125913,,,,,Baramati,Baramati
Bavdhan Budruk,"Vitthal Mandir, Hutatma Chowk, Bavdhan Budruk",411021,9689578437,,,,,Bavdhan Budruk,Bavdhan Budruk
Bavdhan Budruk,"Bapuji Bua Mandir, Patil Nagar, Bavdhan Budruk",411021,9689578437,,,,,Bavdhan Budruk,Bavdhan Budruk
Bavdhan Budruk,"Santoshi mata mandir, Uttam Nagar, Bavdhan Budruk",411021,9689578437,,,,,Bavdhan Budruk,Bavdhan Budruk
Bavdhan Budruk,"Dattatrey Mandir, Jadhav vasti, Bavdhan Budruk",411021,9689578437,,,,,Bavdhan Budruk,Bavdhan Budruk
Bhosari,"C/O Pokarkar, Adinathnagar, Nr. Jain Shanti Bldg., Bhosari",411039,,,,,,Bhosari,Bhosari
Bhosari,"C/O Thorbe Mama, Dhawde Vasti, Bhosari",411039,9011087321,,,,MS- Bhosari,Bhosari,Bhosari
Bhosari,"C/O Urmila Chauhan, Indrayaninagar, Yash Garden, Bhosari",411026,,,,,,Bhosari,Bhosari
Bhosari,"Flat No 256, Sector No 2, Indrayaninagar, Nr. Nana Nani Park, Bhosari",411026,,,,,,Bhosari,Bhosari
Bhosari,"Flat No 602, F2,Wing1, Jai Ganesh Samrajya, Nr. Panjarpol, Bhosari",411026,8698642824,,,,,Bhosari,Bhosari
Bhosari,"Room No. E8, Century Corner Colony 1,Telco Rd. Bhosari",411039,8975467342,,,,MS- Bhosari,Bhosari,Bhosari
Bhugaon,"C/O Suryakant Chonde, Taluka Mulshi, Nr. Petrol Pump, Bhugaon",412115,8007249881,,,,,Bhugaon,Bhugaon
Bhugaon,"Gulmohar Apartment, Shedge Aali, Taluka Mulshi, Nr. Shambhu Mahadev Mandir, Bhugaon",412115,9881509904,,,,,Bhugaon,Bhugaon
Bhukum,"Vardani Bhawan, Nanawre vasti, Taluka Mulshi, Bhukum",412115,8806678227,,,,,Bhukum,Bhukum
Bibwewadi,"C/O Jaya Kamlapure, Flat no 2, Padmadarshan Soc.,pune-satara Rd., Balhekarnagar, Nr. Pune Gadgil Showroom, Bibwewadi",411011,,,,,,Bibwewadi,Bibwewadi
Bibwewadi,"C/O Nandini Todkar, B3 Padmavati, Punam Park, Bibwewadi",411037,020-24212181,,,,,Bibwewadi,Bibwewadi
Bibwewadi,"C/O Sunanda Patil, B-1/702, Lake town, Nr. Chaitraban, Bibwewadi",411037,9923340160,,,,,Bibwewadi,Bibwewadi
Bibwewadi,"C/O Sunita Behn, A4, Flat No 3, Dharamveer Park Soc., Nr. Chintamani Hotel, Bibwewadi",411037,9403187279,,,,,Bibwewadi,Bibwewadi
Bibwewadi,"C/O Kishore Ambavane, 21/6 Yadav Smruti, Prem Nagar, Nr. Pushpa Mangal Karyalaya, Bibwewadi",411037,020-24215377,9405615843,,,,Bibwewadi,Bibwewadi
Bopkhel,"Military Residency, Ganeshnagar, Bopkhel",411031,,,,,,Bopkhel,Bopkhel
Bopkhel,"Ramnagar, Buddhvihar, Ramnagar, Bopkhel",411031,,,,,,Bopkhel,Bopkhel
Bopkhel,"Swati Behn, Ganesh Nagar, Colony No 8, Nr. Krishna Hotel, Bopkhel",411031,9767507542,,,,,Bopkhel,Bopkhel
Bopkhel,"Swati Behn, Uttam Chapke Chawl, Keshavnagar, Bopkhel",411031,9767507542,,,,,Bopkhel,Bopkhel
Chakan,"C/O Mahalunge Ingle, Taluka Khed, Chakan",410501,9271636469,9766692856,,,,Chakan,Chakan
Chakan,"Gore Chal, Dhawad Mala, Chakan",410501,,,,,,Chakan,Chakan
Chakan,"Mutke Vasti, Balajinagar, Taluka Khed, Chakan",410501,9552059429,,,,,Chakan,Chakan
Chakan,"Nanhekarwadi, Taluka Khed, Chakan",410501,9822972974,,,,,Chakan,Chakan
Chakan,"Ranubai Mala, Nr. Sawta Mandir, Chakan",410501,9011198879,,,,,Chakan,Chakan
Chakan,"Shiv-Smruti Bhavan, Ambethan Rd.",410501,02135-254885,9665025863,,,MS- Bhosari,Chakan,Chakan
Chakan,"Shradha Complex, Talegaon Chowk, Talegaon Rd., Chakan, Tal: Khed",410501,02135-254885,,,,,Chakan,Chakan
Chandkhed,"Bebdohol Rd., Taluka Mawal, Chandkhed",410506,9657075878,,,,,Chandkhed,Chandkhed
Charoli,"Kotwalwadi, Taluka Khed, Charoli",412105,9623578946,,,,,Charoli,Charoli
Charoli Khurd,"C/O Thorve Mata, Dhanore, Taluka Khed, Charoli Khurd",412105,9657854662,,,,,Charoli Khurd,Charoli Khurd
Chaturshrungi,"89, 'Ashirwad', Shivaji Housing Soc.",411016,020-25630158,,,,,Chaturshrungi,Chaturshrungi
Chavhan Nagar,"Bhimashankar Hall, Shiva Mandir, Chavhan Nagar",411007,,,,,,Chavhan Nagar,Chavhan Nagar
Chikhali,"Bhaveshwari Soc., More Vasati, Chikhali",412114,,,,,MS- Bhosari,Chikhali,Chikhali
Chikhali,"C/O Ratnadip Printing Press, Patil Nagar, Chikhali",412114,9604015130,,,,MS- Bhosari,Chikhali,Chikhali
Chikhali,"C/O Shriram Shegaonkar, Raje Shivaji Nagar, Chikhali Pradhikaran, Chikhali",412114,9028579308,,,,MS- Bhosari,Chikhali,Chikhali
Chikhali,"C/O Yadav Sahyog Nagar,Jadhavwadi,Chikhali",412114,,,,,MS- Bhosari,Chikhali,Chikhali
Chikhali,"Panchwati Nivas, Sharadnagar, Chikhali",412114,,,,,MS- Bhosari,Chikhali,Chikhali
Chikhali,"Plot 61,Shewanta Sadan, Koyna Nagar, Chikhali",412114,,,,,MS- Bhosari,Chikhali,Chikhali
Chikhali,"Poorna Nagar, Kamdhenu Mira Soc. Pradhikaran, Chikhali",411019,,,,,MS- Bhosari,Chikhali,Chikhali
Chikhali,"Sant Kripa Hsg Soc., Tamhane Vasati, Chikhali",412114,,,,,MS- Bhosari,Chikhali,Chikhali
Chikhali,"Shingare Nivas, Mehtre Vasti, Plot-154, Chikhali",412114,,,,,MS- Bhosari,Chikhali,Chikhali
Chinchwad,"3, Rahul Apartment, Bijlinagar, Chinchwad",411033,9422014257,,,,,Chinchwad,Chinchwad
Chinchwad,"303, F-Wing, Sonigara Park, Dange Chowk, Chinchwad",411033,9545700061,9503029644,,,MS- Bhosari,Chinchwad,Chinchwad
Chinchwad,"ABC Colony No 3, Pavananagar, Nr. Chaitanya Sabhagriha, Chinchwad",411033,8275902982,,,,,Chinchwad,Chinchwad
Chinchwad,"B 14/93 Ruston Colony,, Chinchwad",411033,7350474055,,,,,Chinchwad,Chinchwad
Chinchwad,"Chinchwad Station, Gawli wada, Chinchwad Station",411019,7588873908,,,,,Chinchwad,Chinchwad
Chinchwad,"Daramraj Banglow, Valhekarwadi, Chinchwad",411033,9763626422,9595397359,,,MS- Bhosari,Chinchwad,Chinchwad
Chinchwad,"Empire Estate, Mumbai Pune Rd., Phase 2 Club House, Chinchwad",411033,9920187266,,,,,Chinchwad,Chinchwad
Chinchwad,"Hanuman Mandir, Krishnanagar, Chinchwad",411019,9850095465,,,,MS- Bhosari,Chinchwad,Chinchwad
Chinchwad,"Laxmi Mandir, MIDC G Block, Sahu Nagar, Chinchwad",411019,,,,,,Chinchwad,Chinchwad
Chinchwad,"Om Shiv Colony, Dange Chowk, Nr. Raghunandan Karlyalaya, Chinchwad",411033,9923876863,,,,,Chinchwad,Chinchwad
Chinchwad,"Pradhikaran Sector 18, Shivaji Park, Shivaji Park, Chinchwad",411019,9730332610,,,,,Chinchwad,Chinchwad
Chinchwad,"Pradhikaran, Shivtej Nagar, Nr. Sahu Nagar, Chinchwad",411019,9922008615,,,,,Chinchwad,Chinchwad
Chinchwad,"Queens Town, Chinchwad Station, Chinchwad",411019,8007947575,,,,,Chinchwad,Chinchwad
Chinchwad,"Rh153, Shree Sai Phase I, Shahu Nagar, Midc G Block, Chinchwad",411019,9922841213,,,,MS- Bhosari,Chinchwad,Chinchwad
Chinchwad,"Sharma Heights, Mohan Nagar, Nr.Mataji Mandir, Chinchwad",411019,9890931719,,,,MS- Bhosari,Chinchwad,Chinchwad
Chinchwad,"Shivaji Park, Pradhikaran Sector 18,Chinchwad",411019,9730332610,,,,MS- Bhosari,Chinchwad,Chinchwad
Chinchwad,"Shivalay Bldg., Vrundan Colony, Chinchwade Nagar",411033,9096257489,,,,MS- Bhosari,Chinchwad,Chinchwad
Chinchwad,"Shivalay, Brindavan Colony, Chinchwad",411033,9096257489,,,,,Chinchwad,Chinchwad
Chinchwad,"Shivtej Nagar, Pradhikaran Nr. Shahu Nagar, Chinchwad",411019,9922008615,,,,MS- Bhosari,Chinchwad,Chinchwad
Chinchwad,"Vithal Rakumai Mandir, Kalbhor Nagar, Chinchwad",411019,9372919511,,,,MS- Bhosari,Chinchwad,Chinchwad
Chinchwad,"47/3, Rajnigandha Housing Soc., Walhekarwadi, Chinchwad",411033,9552060595,,,,,Chinchwad,Chinchwad
Chirkhali,"Bhaveshwari Soc., More Vasti, Chirkhali",412114,,,,,,Chirkhali,Chirkhali
Chirkhali,"C/O Ratnadeep Printing Press, Patil Nagar, Chirkhali",412114,9604015130,,,,,Chirkhali,Chirkhali
Chirkhali,"C/O Shriram Shegaonkar, Raje Shivaji Nagar, Chirkhali Pradhikaran, Chirkhali",412114,9028579308,,,,,Chirkhali,Chirkhali
Chirkhali,"C/O Yadav, Sahyog Nagar, Jadhavwadi, Chirkhali",412114,,,,,,Chirkhali,Chirkhali
Chirkhali,"Flat 154, Shingare Niwas, Mahatre Vasti, Chirkhali",412114,,,,,,Chirkhali,Chirkhali
Chirkhali,"Kamdhenu Mira Soc., Pradhikaran, Purnanagar, Chirkhali",412114,,,,,,Chirkhali,Chirkhali
Chirkhali,"Krishnai Housing Soc., More Vasti, Chirkhali",412114,9405852088,,,,,Chirkhali,Chirkhali
Chirkhali,"Santkripa Housing Soc., Tamhane Vasti, Chirkhali",412114,,,,,,Chirkhali,Chirkhali
Chirkhali,"Shubham Sagar Madhuban Soc., Sector 13, Chirkhali Pradhikaran, Chirkhali",412114,9822951790,,,,,Chirkhali,Chirkhali
Dapodi,"C/O Somnath Bhai, Kante Niwas, Board No:3, Nr. Dr. Kalamkar Medicine Shop, Dapodi",411012,9922225110,,,,,Dapodi,Dapodi
Dapodi,"Bhiknaseth Kate Park, Gyanraj Path Sanstha, Dapodi",411012,8855058341,,,,,Dapodi,Dapodi
Darumbre,"Nr. Datta Mandir, Darumbre, Maval",411041,9011526066,,,,,Darumbre,Darumbre
Dattawadi,"C/O Sudha Surve, Nr. Dattawadi Lions Complex, Dattawadi",411030,8408989061,,,,,Dattawadi,Dattawadi
Daund,"Om Shanti Niwas, Bhawani Nagar, Gopalwadi Road, Near Gas Agency, Daund",413801,8975377075,,,,,Daund,Daund
Dehu,"In Front Of Vitthal Mandir, Nr. Krishna Mandir, Malwadi, Dehu",412109,9689272387,,,,MS- Bhosari,Dehu,Dehu
Dehu,"Nr. Agnihotra, Vithalwadi, Dehu",412109,8379896604,,,,MS- Bhosari,Dehu,Dehu
Dehu,"Yelwadi, Nr. Zila Parishad, Dehu",412109,9557621896,,,,,Dehu,Dehu
Dehu Alandi Rd.,"C/O Rupali Jagtap, Shivshakti Bhawan, Room No 606, Nr. Jain Mandir, Dehu Alandi Rd., Dehugaon",412109,9764447358,,,,,Dehu Alandi Rd.,Dehu Alandi Rd.
Dehu Alandi Rd.,"Abhang', Omkar Soc., Nr. Jain Mandir, Dehu Alandi Rd., Dehu",412101,9975606262,,,,,Dehu Alandi Rd.,Dehu Alandi Rd.
Dehu Rd.,"Tukwali Niwas, Omkar Soc., Dehu Rd.",412109,,,,,,Dehu Rd.,Dehu Rd.
Dehu Rd.,"Vikasnagar, Nr. Church, Dehu Rd.",412109,9028973220,,,,,Dehu Rd.,Dehu Rd.
Dehu Rd.,"Hanuman Mandir, Nr. Railway Station, Dehu Rd.",412101,020-27650888,,,,,Dehu Rd.,Dehu Rd.
Dehugaon,"Nr. Kala Maruti Mandir, Dehugaon",412109,9975606262,,,,MS- Bhosari,Dehugaon,Dehugaon
Dehugaon,"Nr. Sant Tukaram Mandir, Dehugaon",412109,9970048523,,,,,Dehugaon,Dehugaon
Dehugaon,"Tukavali Nivas, Omkar Soc., Dehugaon",412109,,,,,MS- Bhosari,Dehugaon,Dehugaon
DehuRd.,"Nr. Charch,Vikas Nagar, DehuRd.",412109,9028973220,,,,MS- Bhosari,DehuRd.,DehuRd.
Dhole Patil Rd.,"C/O Jyoti Behn, B-16 Hermes Park, Dhole Patil Rd., Dhole Patil Rd.",411001,020-6165436,,,,,Dhole Patil Rd.,Dhole Patil Rd.
Dighi,"Om Shanti Bhawan, Survey No 78, Bhosari Alandi Rd., Nr. Sant Gajanan Mandir, Dighi",411015,8087468943,,,,MS- Bhosari,Dighi,Dighi
Dighi,"Sai Park, Bhimashankar, Vitthal Rukmini Mandir, Dighi",411015,8237130867,,,,,Dighi,Dighi
Dighi,"Vitthal Rukmini Mandir,Sai Park, Bhima Shankar Nagar, Dighi",411015,8237130867,,,,MS- Bhosari,Dighi,Dighi
Erandwane,"46/6,Flat 103, Siddhivinayak Apartment, Paud Phata, Advaitnagar, Erandwane",411038,020-25449820,9823859859,,,,Erandwane,Erandwane
Ghorpade Peth,"C/O Subhadra Paigude, Khadakmal Aali, 604,Ghorpade Peth",411042,9773806556,,,,,Ghorpade Peth,Ghorpade Peth
Ghorpadi,"C/O Nisha Bhen, 4/3 Atur Park, Naylor Rd., Ghorpadi",411001,9881197060,,,,,Ghorpadi,Ghorpadi
Ghorpadi,"Ganga Malroj Soc., Sopan Bagh, Ghorpadi",411001,,,,,,Ghorpadi,Ghorpadi
Ghorpadi,"Rajendra Prasad Garden, Nilkhanteshwar Mandir, Nr. Railway Station, Ghorpadi",411001,,,,,,Ghorpadi,Ghorpadi
Ghotwade,"Nr. Block Factory, Maan Rd., Ghotwade, Tal. Mulshi",411057,9767022540,,,,,Ghotwade,Ghotwade
Godegaon,"Godegaon, Tal. Khed",412105,,,,,,Godegaon,Godegaon
Gokhalenagar,"C/O Seema Tarawatkar, Survey No 65/605, Gokhalenagar",411016,9272423294,,,,,Gokhalenagar,Gokhalenagar
Hadapsar,"Ganpati Mandir, Swami Vivekanand Soc., Ram Takdi, Hadapsar",411013,,,,,,Hadapsar,Hadapsar
Hadapsar,"Hawa Bhen Kaur, Sardarji Vasti, Sr. No. 110, Ram Takdi, Hadapsar",411013,9767118268,,,,,Hadapsar,Hadapsar
Hadapsar,"Shiv Kunj, Rd. No 8, Tukai Darshan, Hadapsar",411028,9975806086,,,bkvineet24@gmail.com,,Hadapsar,Hadapsar
Hadapsar,"Flat No:A 002,Kalepadal Rd., Sasanenagar,, Swapnapoorti Housing Co-Op Soc., Nr. D- Mart, Hadapsar",411028,9860833348,,,,,Hadapsar,Hadapsar
Havali,"B3, Flat No 203, Sai Nagari, Pune- Alandi Rd., Alandi Devachi, Ta. Havali",412105,7798037744,,,,MS- Bhosari,Havali,Havali
Havali,"Charholi, Nr. Sawta Mandir, Alandi Devachi, Ta. Havali",412105,9665240710,,,,MS- Bhosari,Havali,Havali
Haveli,"Bhairavnath Mandir,Talavade, Ta.Haveli",412114,,,,,MS- Bhosari,Haveli,Haveli
Hinghne Khurd,"10, Kedar Apartment, Nr. Rokdoba temple, Sinhagad Rd., Hinghne Khurd",411051,9637811889,,,,,Hinghne Khurd,Hinghne Khurd
Indapur,"Diskal, Tal. Indapur",413106,7588168527,,,,,Indapur,Indapur
Indapur,"Highway Rd., Bhigwan, Tal. Indapur",413106,7588279735,,,,,Indapur,Indapur
Indapur,"Setfadgandhe, Tal. Indapur",413106,9850149916,,,,,Indapur,Indapur
Indapur,"Takrarwadi, Tal. Indapur",413106,9921214740,,,,,Indapur,Indapur
Jambe,"Sangawade, Jambe",,020-20270620,9881664544,,,,Jambe,Jambe
Jategaon,"C/O Prabahkar Umapa, Umapa Wasti, Jategaon",412208,9561056246,,,,,Jategaon,Jategaon
Kalas,"C/O Vikramsingh /M.G.Pandit, Durga Kunj, S.No.89,Vishal Parisar, Kalas",411015,9028767843,,,,MS- Bhosari,Kalas,Kalas
Kalyanki Nagar,"C/O BK Nikita, Victoria Garden, Shastri Chowk, Nr. Agakhan Palace, Kalyanki Nagar",411006,,,,,,Kalyanki Nagar,Kalyanki Nagar
Karve Nagar,"C/O Laxmi Kulkarni; Swastishri Soc., Ganesh Nagar, Karve Nagar",411052,9011677228,,,,,Karve Nagar,Karve Nagar
Karve Nagar,"C/O Suman Dhangekar; Dhangekar Bulding, Snehankit Colony, Opp. Warje Jakat naka, Karve Nagar",411052,9552114500,9011080181,,,,Karve Nagar,Karve Nagar
Kasarwadi,"Shivalaya, Shambhaji Chowk,, Parshvanath Soc. Marg, Kasarwadi",411034,020-27124976,9922535403,,kasarwadipune@yahoo.com,,Kasarwadi,Kasarwadi
Kasba Peth,"C/O Shaila Tikone, 1133, Tikone Wada, Nr. Sat Topi Police Station, Kasba Peth",411011,,,,,,Kasba Peth,Kasba Peth
Katraj,"C/O Sapna sood, Shatrunjay Apt, Flat No. 1, 2nd Floor, Behind Katraj Dairy, Dattanagar Rd., Katraj",411036,9272730903,9225125719,,,,Katraj,Katraj
Katraj,"C/O Shivaji Bhai, A1/19, Kadam Plaza, Pune- Satara Rd., Opp. Opp. Bharti Vidhyapith, Katraj",411016,020-24362299,8007723009,,,,Katraj,Katraj
Katraj,"Ganesh Park, Survey No. 70 / 2, Nr. Jakat Nagar, Katraj",411046,9823439091,9764791009,,,,Katraj,Katraj
Katraj,"S. No. 15/21, Dangat Shiv Mandir, Nr. Chintamani Gyanpith, Ambegaon Budruk, Katraj",411046,8408948638,,,,,Katraj,Katraj
Khadki,"Mahadev Mandir, Mula Rd., Khadki",411003,9420200234,,,,,Khadki,Khadki
Khadki Bazaar,"Main Bus Stop, Indore Saree Sales, Nr. China Bazaar, Khadki Bazaar",411003,9175365442,,,,,Khadki Bazaar,Khadki Bazaar
Khed,"Behind Teliphone Ex. Indorigaon, Ta.Khed",412105,9765734656,,,,MS- Bhosari,Khed,Khed
Khed,"Kotwal Wadi, Charholi , Ta. Khed",412105,9623578946,,,,MS- Bhosari,Khed,Khed
Khed,"Nirgudi, Ta. Khed",412105,9764594207,,,,MS- Bhosari,Khed,Khed
Khed,Vitthal Nagar Sangurdi Gaon Ta.Khed,412105,9822737875,,,,MS- Bhosari,Khed,Khed
Kondwa- Gokul Nagar,"C/O Dr.Thombare House, Shivsadan, Gokul Nagar, Lane -2, Nr. Shankar Mandir, Katraj - Kondwa Rd., Kondhwa",411048,8007480645,,BK Thombare,,,Kondwa- Gokul Nagar,Kondwa- Gokul Nagar
Kondwa- Mauli Apartment,"C/O BK Sadhana, Mauli Apartment, 2nd floor, Opp konark Puram.  Kondhwa Rd.",411048,9970715195,,BK Sadhana,,,Kondwa- Mauli Apartment,Kondwa- Mauli Apartment
Kondwa- Shatrunjay    Society,"C/O Nittal Shingare, House no-3, Shidhivinayak - Shatrunjay    Society, Nr. Shatrunjay Jain Mandir, Shatrunjay - Gangadham Rd, Nr. ISKON temple, Kondhwa",411048,7028463099,,BK Shingare,,,Kondwa- Shatrunjay    Society,Kondwa- Shatrunjay    Society
Koregaon Bhima,"C/O Rajesh Agarwal, Nagar Rd., Nr. Ram Mandir, Koregaon Bhima",412216,9403124765,,,,,Koregaon Bhima,Koregaon Bhima
Kothrud,"C/O Vidya Gokhale, Bldg No. 7, Falt No.15, Anand Nagar, Paud Road, Kothrud",411038,020-25420517,9730033770,,,,Kothrud,Kothrud
Kothrud,"C/O Vinayak Kumar Deshpande, 2, Patel Calasic, Flat No. 119, 120, Nr. Kothrud Bus Depot, Nr. New English School, Kothrud",411052,9922911814,,,,,Kothrud,Kothrud
Kothrud,"Shiv Parwati Bulding, Azad Nagar, Swami Vivekanand Chowk, Behind Vanaz Company, Kothrud",411038,020-25478334,9823859859,,,,Kothrud,Kothrud
Mangalwar Peth,"8/5 Indira Complex,,, Nr. Devkar Garage, Mangalwar Peth",411011,,,,,,Mangalwar Peth,Mangalwar Peth
Mann,"Marathishale, Ghorwade Phata Rd., Taluka Mulshi, Mann",411057,9766342608,,,,,Mann,Mann
Meenakshipuram,"Flat no 404, Meenakshipuram Soc, Tukai Nagar, Nr. Sinhgad college, Vadgaon, Tal: Haveli",411041,9764835951,,BK Lalita,,,Meenakshipuram,Meenakshipuram
Moshi,"303, C Wing,Shrikrushna Complex,Sector No.6 Pradhikaran, Moshi",412105,8975751261,,,,MS- Bhosari,Moshi,Moshi
Moshi,"C/O Shivshakti Garage, Alahat Vasti,Moshi, Pune",412105,,,,,MS- Bhosari,Moshi,Moshi
Moshi,"C/O Vimal Bhosale, Borate Vasti, Moshi",412105,9881333419,,,,MS- Bhosari,Moshi,Moshi
Moshi,"Flat No.16, P7 Gandharva Nagari, Nashik Rd., Moshi",412105,8975428100,,,,MS- Bhosari,Moshi,Moshi
Moshi,"Flat No.18, Plot No.68, Ganga Niketan Bldg., Spine Rd. Pradhikaran, Moshi",412105,,,,,MS- Bhosari,Moshi,Moshi
Moshi,"Row House A-01, lakshmi nagar, dehu alandi Rd., Moshi",412105,9970174926,,,,,Moshi,Moshi
Mulshi,"Aryawat Soc., Taluka Mulshi, Bhare",411057,9923643662,,,,,Mulshi,Mulshi
Mulshi,"C/O Bebitai Gorakh Kadam, At/Post – Chandkhed, Ta. Mulshi",412108,9657075878,,,,MS- Bhosari,Mulshi,Mulshi
Mulshi,"C/O Ganesh Kumbhar, At/Post-Dattawadi  Nere, Ta. Mulshi",412108,,,,,MS- Bhosari,Mulshi,Mulshi
Mulshi,"C/O Sindhutai Sayde,Poud Complex At.Post-Poud Ta.Mulshi",412108,8308884757,,,,MS- Bhosari,Mulshi,Mulshi
Mulshi,"C/O Suryakant Chonde Behind Petrol Pump, At.Post-Bhugaon,Ta.Mulshi",412115,8007249881,,,,MS- Bhosari,Mulshi,Mulshi
Mulshi,"C/O Babasaheb Bodake,At –Maan, Post-Hinjawadi, Ta.Mulshi",412115,,,,,MS- Bhosari,Mulshi,Mulshi
Mulshi,"C/O Subhadra Jadhav, Nr. Ganesh Mandir, At/Post- Nere, Ta. Mulshi",412115,,,,,MS- Bhosari,Mulshi,Mulshi
Mulshi,"Nr. Anganwadi, Shindewadi, Ta.Mulashi",412115,7588946399,,,,MS- Bhosari,Mulshi,Mulshi
Mulshi,"Nr. Shivyug Mitra Mandal, At/ Post- Marunji, Ta. Mulshi",412115,,,,,MS- Bhosari,Mulshi,Mulshi
Mulshi,"Old Maharashtra Bank, Rautwadi,Ta.Mulshi",412115,,,,,MS- Bhosari,Mulshi,Mulshi
Mulshi,"C/O Kisan Disale, Shinde Vasti,At-Post Marunji, Ta.Mulshi",412115,9921931358,,,,MS- Bhosari,Mulshi,Mulshi
Mundhwa,"144/2 Mehetrewada, Rammandir, Rammandir, Mundhwa",411036,9764843531,,,,,Mundhwa,Mundhwa
Nigdi,"Purvarang, Flat No. 519/21, Yamunanagar, Nigadi Pradhikaran",411044,020-27661451,,,,,Nigdi,Nigdi
Nigdi,"Shivkiran, Shivnagari, Bijlinagar, Nigdi",411044,9011717867,,,,,Nigdi,Nigdi
Pimple Gurav Gaothan,"Nr. Bhairavnath Mandir, Pimple Gurav Gaothan, Pimple Gurav Gaothan",411061,7385599097,,,,,Pimple Gurav Gaothan,Pimple Gurav Gaothan
Pimpri,"`Gopikrushna` Plot No.17,Telco-Bhosari Rd.Yashwant Nagar, Pimpri",411018,,,,,MS- Bhosari,Pimpri,Pimpri
Pimpri,"479/2715, Maheshnagar Chowk, Maheshnagar, Pimpri",411018,,,,,MS- Bhosari,Pimpri,Pimpri
Pimpri,"Azad Colony No.3,Pachpir Chowk, Kalewadi, Pimpri",411017,8983447090,,,,MS- Bhosari,Pimpri,Pimpri
Pimpri,"C2/202, Karmayog Soc.Kamgar Nagar,Kharalwadi, Pimpri",411018,,,,,MS- Bhosari,Pimpri,Pimpri
Pimpri,"E-1, Nisarga Apt. Mhada Colony, Ajmera,Morwadi, Pimpri",411018,,,,,MS- Bhosari,Pimpri,Pimpri
Pimpri,"Flat No.507,Blue Bell-1,Sukhawani Complex,Vallbhanagar, Pimpri",411018,,,,,MS- Bhosari,Pimpri,Pimpri
Pimpri,"J.B.2, 202 Ajmera Hos.Complex, Pimpri",411018,,,,,MS- Bhosari,Pimpri,Pimpri
Pimpri,"Panchadeo Mandir Nr.Abhishek Apt. Udyam Nagar, Pimpri",411018,,,,,MS- Bhosari,Pimpri,Pimpri
Pimpri,"Shinde Bldg.,Behind Shivshambho Mangal Karyalay, Neharunagar, Pimpri",411018,,,,,MS- Bhosari,Pimpri,Pimpri
Pimpri,"Shop No.4,S.No.156, Chandrakant Kalapure Chawal, Nr.Shalin Palace, Kharalwadi, Pimpri",411018,,,,,MS- Bhosari,Pimpri,Pimpri
Pimpri,"Sr.Citizan Associasion, Badmintan Hall, Vallabhnagar, Pimpri",411018,,,,,MS- Bhosari,Pimpri,Pimpri
Pimpri,"Sanket Apartment, Flat No. 125, Sant Tukaram Nagar, Pimpiri",411018,020-65306351,,,,,Pimpri,Pimpri
Pimpri,"H.B 22/8 Pimpiri Colony, Dairy Farm Rd., Pimpri",411017,020-27414377,,,pimpri.pun@bkivv.org,,Pimpri,Pimpri
Shirur,"Bajarang Wadi,  Shikrapur, Ta. Shirur",412208,9822079375,,,,MS- Bhosari,Shirur,Shirur
Shirur,"Dattanagar, Shikrapur, Ta. Shirur",412208,9665072303,,,,MS- Bhosari,Shirur,Shirur
Shirur,"Gholap Wadi, Talegaon Dhamdhere Ta. Shirur",412208,9730657277,,,,MS- Bhosari,Shirur,Shirur
Shirur,"Kavate Mala, Vitthalwadi Rd., Talegaon Dhamdhere Ta. Shirur",412208,8983159868,,,,MS- Bhosari,Shirur,Shirur
Shirur,"Kevate Mala, Shikrapur, Ta. Shirur",412208,9595426923,8975660807,,,MS- Bhosari,Shirur,Shirur
Shirur,"Kshitij Vihar, At/Post- Shikrapur, Ta. Shirur",412208,9221947678,,,,MS- Bhosari,Shirur,Shirur
Shirur,"Kumbhar Ali, Talegaon Dhamdhere Ta. Shirur",412208,8975555532,,,,MS- Bhosari,Shirur,Shirur
Shirur,"Mathe Mala, Talegaon Dhamdhere Ta. Shirur",412208,9763290011,,,,MS- Bhosari,Shirur,Shirur
Shirur,"Nimgaon Mhalunge, Ta. Shirur",412208,9922161854,,,,MS- Bhosari,Shirur,Shirur
Shirur,"Sanaswadi, Ta. Shirur",412208,9011141653,,,,MS- Bhosari,Shirur,Shirur
Shirur,"Vitthal Wali, Talegaon Dhamdhere Ta. Shirur",412208,8007250522,,,,MS- Bhosari,Shirur,Shirur
Shirur,"House No. 1249, Behind Manikchand Hospital, Revenue Colony, Shirur",412210,02138-225795,,,,,Shirur,Shirur
Somatane Phata,"Nr. Gurudwara, Shirgaon Rd., Somatane Phata, Tal: Maval",410506,9766346146,,,,,Somatane Phata,Somatane Phata
Somatne Phata,"Imrat Hills, Ganjwe Chowk, Chorai Nagar, Somatne Phata",410506,9767987314,,,,,Somatne Phata,Somatne Phata
Somwarpeth,"Flat No. 3, Ghorpade Complex, Omshanti Co-op Housing Soc., 23, Somwarpeth",411011,020-26131999,,,,,Somwarpeth,Somwarpeth
Talwade,"Vijayanand Hsg Soc., Rupi Nagar, Talwade",412114,8805618541,9921492038,,,MS- Bhosari,Talwade,Talwade
Thergaon,"C/O Shivprakash Misra,Sandip Nagar,Vrundan Colony, Thergaon",,9923058425,,,,MS- Bhosari,Thergaon,Thergaon
Thergaon,"Choudhari Nivas, Anandvan Hous.Soc. Thergaon",,9552532040,,,,MS- Bhosari,Thergaon,Thergaon
Thergaon,"Shinde Residency, Hanuman Nagar, Nr. Ganesh Mandir, Kalewadi Phata, Thergaon",411033,,,,,,Thergaon,Thergaon
Thergaon,"Survey No 18, Lokmanya Colony, Ganeshnagar, Dange Chowk, Hinjewadi Rd., Nr. Morya Ganesh Mandir, Thergaon",411033,9370121863,,,,,Thergaon,Thergaon
Wadarvadi,"Ground Floor, Chandralok Apartment, Nr. Homi Bhabha Dispensary, Off SB Road,  Wadarvadi",411016,8149945020,,,,,Wadarvadi,Wadarvadi
Wakad,"C/O Sambhaji Bhumkar Chawl,  Bhumkar Vasti, Wakad",411027,,,,,MS- Bhosari,Wakad,Wakad
Wakad,"Dattanagar, Wakad",411057,9881664544,,,,,Wakad,Wakad
Wakad,"Kaspete Wasti, Kaspete Wasti, Wakad",411057,9850550280,9881664544,,,,Wakad,Wakad
Wakdewadi,"PMC Colony, Wakdewadi",411005,9422355993,,,,,Wakdewadi,Wakdewadi
Wakdewadi,"Narvir Tanaji Wadi, Vitthal Mandir,, Wakdewadi",411005,9422355993,,,,,Wakdewadi,Wakdewadi
